filter_for,filter_against
lakes ,genetics
aquatic, demography
bathymetry,Louisiana
eutrophication,msc position
coastal,phd position
quantitative,graduate student position
earth system,masters project
watershed,Canada Research Chair
ecosystem science,field technician
water quality,ms student
geospatial,phd graduate research assistant
freshwater,fisheries assessment
, sagebrush
, microbiomes
,PhD. Research Assistantships
,identification workshop
,Ph.D. assistantship
,Tuscaloosa
,alabama
,drying oven
,movement ecology
,telemetry
,lab technician
,research technician
,graduate assistantship
,christian
,pepperdine
,pest invasion
,space scientist
,webinar
,microbiota
,soil health
,PhD student
,Graduate Research Assisttantship
,seeking phd students
,harvard 
,aalborg 
,ms position
,phd assistantships
,recruiting a graduate student
,graduate student opportunity
, aarhus 
,neuroscience
,genomics
,biomedical
,pyrophosphate
,Ph.D. Research Assistantships
,Ph.D. position
,cutthroat trout
, taiwan